[Header],,,,,,
IEMFileVersion,5,,,,,
Investigator Name,EJ,,,,,
Experiment Name,23-NGCEN9,,,,,
Date,25/07/2023,,,,,
Workflow,GenerateFASTQ,,,,,
Application,NovaSeq FASTQ Only,,,,,
Instrument Type,NovaSeq,,,,,
Assay,TruSeq,,,,,
Index Adapters,96_UDI_PN101308,,,,,
,,,,,,
[Reads],,,,,,
151,,,,,,
151,,,,,,
,,,,,,
[Settings],,,,,,
Adapter,AGATCGGAAGAGCACACGTCTGAACTCCAGTCA,,,,,
AdapterRead2,AGATCGGAAGAGCGTCGTGTAGGGAAAGAGTGT,,,,,
,,,,,,
[Data],,,,,,
Sample_ID,Sample_Name,Sample_Plate,Sample_Well,Index_Plate_Well,index,index2
123885527-23181R0008-23NGCEN9-9527-F-99347387,123885527-23181R0008-23NGCEN9-9527-F-99347387,427,A1,A01,ATCGCCTATA,TATGAGCCAA
123991777-23187R0015-23NGCEN9-9527-F-99347387,123991777-23187R0015-23NGCEN9-9527-F-99347387,427,B1,B01,CGGATTCCTG,CCGTATTCTG
123992202-23187R0022-23NGCEN9-9527-F-99347387,123992202-23187R0022-23NGCEN9-9527-F-99347387,427,C1,C01,TCACACGTGG,GACCTATACA
123991723-23187R0013-23NGCEN9-9527-F-99347387,123991723-23187R0013-23NGCEN9-9527-F-99347387,427,D1,D01,GCAGCATTCC,TGTGGTATAC
123958126-23185R0096-23NGCEN9-9527-F-99347387,123958126-23185R0096-23NGCEN9-9527-F-99347387,427,E1,E01,CCGTGGTGAA,CCGTCCAGTT
123959172-23185R0025-23NGCEN9-9527-M-99347387,123959172-23185R0025-23NGCEN9-9527-M-99347387,427,F1,F01,CACAGAACGG,ATCACTCACA
124002758-23187R0111-23NGCEN9-9527-M-99347387,124002758-23187R0111-23NGCEN9-9527-M-99347387,427,G1,G01,ATGGATCGAA,TTGCTGAGTT
124031934-23188R0131-23NGCEN9-9527-M-99347387,124031934-23188R0131-23NGCEN9-9527-M-99347387,427,H1,H01,GGTCTCACCT,TCAATCGTCT
124065795-23191R0116-23NGCEN9-9527-F-99347387,124065795-23191R0116-23NGCEN9-9527-F-99347387,428,A2,A02,CAACACCGTA,GAACAAGCCG
124065757-23191R0114-23NGCEN9-9527-F-99347387,124065757-23191R0114-23NGCEN9-9527-F-99347387,428,B2,B02,CGAATATTGG,CAGCACGGAA
123982077-23186R0106-23NGCEN9-9527-F-99347387,123982077-23186R0106-23NGCEN9-9527-F-99347387,428,C2,C02,TAATTCCAGC,ATCGTATTCG
124081197-23191R0096-23NGCEN9-9527-F-99347387,124081197-23191R0096-23NGCEN9-9527-F-99347387,428,D2,D02,GTCGCGGTTA,CTGGTGAGGT
X226146-GM2306539-23NGCEN9-9527-F-99347387,X226146-GM2306539-23NGCEN9-9527-F-99347387,428,E2,E02,TTCTGCGTCG,GGTGTACGAA
X223701-GM2216809-23NGCEN9-9527-M-99347387,X223701-GM2216809-23NGCEN9-9527-M-99347387,428,F2,F02,ACGCATACTT,TCTCGTACTT
X223661-GM2224923-23NGCEN9-9527-F-99347387,X223661-GM2224923-23NGCEN9-9527-F-99347387,428,G2,G02,GGCTGCACAA,AGAGGTCCGA
X223683-GM2227330-23NGCEN9-9527-F-99347387,X223683-GM2227330-23NGCEN9-9527-F-99347387,428,H2,H02,ACCAAGCCAA,TACAAGGCGG
X223816-GM2227335-23NGCEN9-9527-F-99347387,X223816-GM2227335-23NGCEN9-9527-F-99347387,429,A3,A03,CCAATTGTCC,GCTCATACGC
X223682-GM2227334-23NGCEN9-9527-F-99347387,X223682-GM2227334-23NGCEN9-9527-F-99347387,429,B3,B03,CAGACGCCTT,CAGAGCTCAA
X223798-GM2227385-23NGCEN9-9527-F-99347387,X223798-GM2227385-23NGCEN9-9527-F-99347387,429,C3,C03,AATTGCCAGA,ACGGTACGTT
X223807-GM2227394-23NGCEN9-9527-M-99347387,X223807-GM2227394-23NGCEN9-9527-M-99347387,429,D3,D03,TGATACCAGA,TGTGAAGGCC
X223672-GM2227396-23NGCEN9-9527-F-99347387,X223672-GM2227396-23NGCEN9-9527-F-99347387,429,E3,E03,GAGGTTGTTA,CCAGTGCACA
X223691-GM2227426-23NGCEN9-9527-F-99347387,X223691-GM2227426-23NGCEN9-9527-F-99347387,429,F3,F03,AGAGTATCAG,ACCTGTATCC
X223673-GM2227424-23NGCEN9-9527-F-99347387,X223673-GM2227424-23NGCEN9-9527-F-99347387,429,G3,G03,CTGGCGTATG,GTAACATTGG
X223674-GM2227422-23NGCEN9-9527-F-99347387,X223674-GM2227422-23NGCEN9-9527-F-99347387,429,H3,H03,GGTCATCTCG,TCCGCATAGC
X223690-GM2227420-23NGCEN9-9527-F-99347387,X223690-GM2227420-23NGCEN9-9527-F-99347387,430,A4,A04,TGTCGAACAA,TAGATTCTGG
X223689-GM2227415-23NGCEN9-9527-F-99347387,X223689-GM2227415-23NGCEN9-9527-F-99347387,430,B4,B04,GTGGCACGAA,TGCTAATTGG
X223675-GM2227414-23NGCEN9-9527-M-99347387,X223675-GM2227414-23NGCEN9-9527-M-99347387,430,C4,C04,AAGCCTTAGA,TCATAACACG
X223853-GM2227441-23NGCEN9-9527-F-99347387,X223853-GM2227441-23NGCEN9-9527-F-99347387,430,D4,D04,CGCTAAGGCT,AACCGGCACA
X223852-GM2227486-23NGCEN9-9527-M-99347387,X223852-GM2227486-23NGCEN9-9527-M-99347387,430,E4,E04,AATCACGACC,ACTTCTGGTG
X223873-GM2227501-23NGCEN9-9527-F-99347387,X223873-GM2227501-23NGCEN9-9527-F-99347387,430,F4,F04,GTAGCTGTCG,TTAACGCAGA
X223823-GM2227519-23NGCEN9-9527-F-99347387,X223823-GM2227519-23NGCEN9-9527-F-99347387,430,G4,G04,CACGTAAGGT,CCTCTAAGCT
X223893-GM2227483-23NGCEN9-9527-F-99347387,X223893-GM2227483-23NGCEN9-9527-F-99347387,430,H4,H04,TCACTTCATG,GTGGTCGCAA
X223824-GM2227513-23NGCEN9-9527-M-99347387,X223824-GM2227513-23NGCEN9-9527-M-99347387,431,A5,A05,GTTGGCGTCT,CTAGACTTCG
X223825-GM2227511-23NGCEN9-9527-M-99347387,X223825-GM2227511-23NGCEN9-9527-M-99347387,431,B5,B05,CACACGCCAA,TATCTTCAGC
X223858-GM2227510-23NGCEN9-9527-F-99347387,X223858-GM2227510-23NGCEN9-9527-F-99347387,431,C5,C05,ACACTGTGAA,GTCTAACAGA
X223826-GM2227508-23NGCEN9-9527-F-99347387,X223826-GM2227508-23NGCEN9-9527-F-99347387,431,D5,D05,CGATTGTTCT,TGGTTGTACA
X223827-GM2227507-23NGCEN9-9527-F-99347387,X223827-GM2227507-23NGCEN9-9527-F-99347387,431,E5,E05,TCGGCTACTG,CACACAATAG
X223817-GM2227536-23NGCEN9-9527-M-99347387,X223817-GM2227536-23NGCEN9-9527-M-99347387,431,F5,F05,TTGTAAGAGG,CAGCTGCTTC
X223821-GM2227553-23NGCEN9-9527-F-99347387,X223821-GM2227553-23NGCEN9-9527-F-99347387,431,G5,G05,CGAGTCCGTT,ACTACTGCGG
X223688-GM2227602-23NGCEN9-9527-F-99347387,X223688-GM2227602-23NGCEN9-9527-F-99347387,431,H5,H05,GTGTACTCAA,AAGCAACCTT
X223687-GM2227617-23NGCEN9-9527-F-99347387,X223687-GM2227617-23NGCEN9-9527-F-99347387,432,A6,A06,GCGTGACGTT,TAGAAGAGAG
X223847-GM2227655-23NGCEN9-9527-M-99347387,X223847-GM2227655-23NGCEN9-9527-M-99347387,432,B6,B06,AGGCGTCTGA,CACAAGATCC
X223856-GM2227656-23NGCEN9-9527-F-99347387,X223856-GM2227656-23NGCEN9-9527-F-99347387,432,C6,C06,ACTTACGAGG,GTTAATCGCT
X223804-GM2227672-23NGCEN9-9527-F-99347387,X223804-GM2227672-23NGCEN9-9527-F-99347387,432,D6,D06,CAGGTCGTAA,TTATGCCTTC
X223800-GM2227740-23NGCEN9-9527-F-99347387,X223800-GM2227740-23NGCEN9-9527-F-99347387,432,E6,E06,TACGCTAGTT,TTAGTCTGCT
X223805-GM2227769-23NGCEN9-9527-F-99347387,X223805-GM2227769-23NGCEN9-9527-F-99347387,432,F6,F06,TCTGTCGTGC,ACTAGTGCTT
X223799-GM2227768-23NGCEN9-9527-F-99347387,X223799-GM2227768-23NGCEN9-9527-F-99347387,432,G6,G06,GATCTTGGCA,CGCTGTCTAA
124104033-23193Q0036-23NGCEN9-9527-F-99347387,124104033-23193Q0036-23NGCEN9-9527-F-99347387,432,H6,H06,TGGAGAGCCA,TTGTGCCTAA
